brand,link
100% Pure,https://www.dermstore.com/brands/100-pure.list
111SKIN,https://www.dermstore.com/brands/111skin.list
3LAB,https://www.dermstore.com/brands/3lab.list
Act+Acre,https://www.dermstore.com/brands/act-acre.list
Advanced Skin Technology,https://www.dermstore.com/brands/advanced-skin-technology.list
Aesop,https://www.dermstore.com/brands/aesop.list
African Botanics,https://www.dermstore.com/brands/african-botanics.list
AGENT NATEUR,https://www.dermstore.com/brands/agent-nateur.list
Alchimie Forever,https://www.dermstore.com/brands/alchimie-forever.list
Allies of Skin,https://www.dermstore.com/brands/allies-of-skin.list
Alpha-H,https://www.dermstore.com/brands/alpha-h.list
Alterna,https://www.dermstore.com/brands/alterna.list
Alurx,https://www.dermstore.com/brands/alurx.list
Amarte,https://www.dermstore.com/brands/amarte.list
AMELIORATE,https://www.dermstore.com/brands/ameliorate.list
Angela Caglia Skincare,https://www.dermstore.com/brands/angela-caglia-skincare.list
Aquis,https://www.dermstore.com/brands/aquis.list
ARCONA,https://www.dermstore.com/brands/arcona.list
ARQUISTE Parfumeur,https://www.dermstore.com/brands/arquiste-parfumeur.list
Augustinus Bader,https://www.dermstore.com/brands/augustinus-bader.list
Avène,https://www.dermstore.com/brands/avene.list
BABOR,https://www.dermstore.com/brands/babor.list
Baby Foot,https://www.dermstore.com/brands/baby-foot.list
bareMinerals,https://www.dermstore.com/brands/bareminerals.list
BeautyFIX,https://www.dermstore.com/brands/beautyfix.list
Beauty ORA,https://www.dermstore.com/brands/beauty-ora.list
BeautyStat Cosmetics,https://www.dermstore.com/brands/beautystat-cosmetics.list
Best of Dermstore,https://www.dermstore.com/brands/best-of-dermstore.list
Bioderma,https://www.dermstore.com/brands/bioderma.list
BIOEFFECT,https://www.dermstore.com/brands/bioeffect.list
Bioelements,https://www.dermstore.com/brands/bioelements.list
Biopelle,https://www.dermstore.com/brands/biopelle.list
BLONDME,https://www.dermstore.com/brands/blondme.list
Bloomeffects,https://www.dermstore.com/brands/bloomeffects.list
boscia,https://www.dermstore.com/brands/boscia.list
Briogeo,https://www.dermstore.com/brands/briogeo.list
BY TERRY,https://www.dermstore.com/brands/by-terry.list
Cannaluxe,https://www.dermstore.com/brands/canna-luxe.list
Carrière Frères,https://www.dermstore.com/brands/carriere-freres.list
Caudalie,https://www.dermstore.com/brands/caudalie.list
Cellex-C,https://www.dermstore.com/brands/cellex-c.list
CeraVe,https://www.dermstore.com/brands/cerave.list
Chantecaille,https://www.dermstore.com/brands/chantecaille.list
Charlotte Mensah,https://www.dermstore.com/brands/charlotte-mensah.list
Chris Collins,https://www.dermstore.com/brands/world-of-chris-collins.list
Christophe Robin,https://www.dermstore.com/brands/christophe-robin.list
ClarityRx,https://www.dermstore.com/brands/clarityrx.list
Clark's Botanicals,https://www.dermstore.com/brands/clarks-botanicals.list
Colbert MD,https://www.dermstore.com/brands/colbert-md.list
Colorescience,https://www.dermstore.com/brands/colorescience.list
COOLA,https://www.dermstore.com/brands/coola.list
COSMEDIX,https://www.dermstore.com/brands/cosmedix.list
COSRX,https://www.dermstore.com/brands/cosrx.list
COVER FX,https://www.dermstore.com/brands/cover-fx.list
Cowshed,https://www.dermstore.com/brands/cowshed.list
Dame,https://www.dermstore.com/brands/dame.list
Daniel Sandler,https://www.dermstore.com/brands/daniel-sandler.list
David Mallett,https://www.dermstore.com/brands/david-mallett.list
DCL Dermatologic Cosmetic Laboratories,https://www.dermstore.com/brands/dcl-dermatologic-cosmetic-laboratories.list
Dermablend,https://www.dermstore.com/brands/dermablend.list
DERMAdoctor,https://www.dermstore.com/brands/dermadoctor.list
DERMAFLASH,https://www.dermstore.com/brands/dermaflash.list
Dermalogica,https://www.dermstore.com/brands/dermalogica.list
DermaQuest,https://www.dermstore.com/brands/dermaquest.list
Dermelect,https://www.dermstore.com/brands/dermelect.list
Dermstore Collection,https://www.dermstore.com/brands/dermstore-collection.list
DevaCurl,https://www.dermstore.com/brands/devacurl.list
DHC,https://www.dermstore.com/brands/dhc.list
Dime Beauty Co,https://www.dermstore.com/brands/dime-beauty-co.list
Doctor Rogers RESTORE,https://www.dermstore.com/brands/doctor-rogers-restore.list
dpHUE,https://www.dermstore.com/brands/dphue.list
Dr. Brandt,https://www.dermstore.com/brands/dr-brandt.list
Dr. Hauschka,https://www.dermstore.com/brands/dr-hauschka.list
Dr. Loretta,https://www.dermstore.com/brands/dr-loretta.list
Dr. Zenovia,https://www.dermstore.com/brands/dr-zenovia.list
Dr Dennis Gross,https://www.dermstore.com/brands/dr-dennis-gross-skincare.list
Elemis,https://www.dermstore.com/brands/elemis.list
Elizabeth Arden,https://www.dermstore.com/brands/elizabeth-arden.list
Ellis Brooklyn,https://www.dermstore.com/brands/ellis-brooklyn.list
EltaMD,https://www.dermstore.com/brands/eltamd.list
Embryolisse,https://www.dermstore.com/brands/embryolisse.list
Emepelle,https://www.dermstore.com/brands/emepelle.list
emerginC,https://www.dermstore.com/brands/emerginc.list
Eminence Organic Skin Care,https://www.dermstore.com/brands/eminence-organic-skin-care.list
Emuaid,https://www.dermstore.com/brands/emuaid.list
EPARA,https://www.dermstore.com/brands/epara.list
Epicuren Discovery,https://www.dermstore.com/brands/epicuren-discovery.list
Epionce,https://www.dermstore.com/brands/epionce.list
Erborian,https://www.dermstore.com/brands/erborian.list
ESPA,https://www.dermstore.com/brands/espa.list
Estee Lauder,https://www.dermstore.com/brands/estee-lauder.list
EVE LOM,https://www.dermstore.com/brands/eve-lom.list
evolis Professional,https://www.dermstore.com/brands/evolis-professional.list
EVOLVh,https://www.dermstore.com/brands/evolvh.list
Exuviance,https://www.dermstore.com/brands/exuviance.list
Eyeko,https://www.dermstore.com/brands/eyeko.list
Fekkai,https://www.dermstore.com/brands/fekkai.list
Fillerina,https://www.dermstore.com/brands/fillerina.list
Filorga,https://www.dermstore.com/brands/filorga.list
First Aid Beauty,https://www.dermstore.com/brands/first-aid-beauty.list
Follain,https://www.dermstore.com/brands/follain.list
FOREO,https://www.dermstore.com/brands/foreo.list
Foria,https://www.dermstore.com/brands/foria.list
Fur,https://www.dermstore.com/brands/fur.list
ghd,https://www.dermstore.com/brands/ghd.list
GlamGlow,https://www.dermstore.com/brands/glamglow.list
Glasshouse Fragrances,https://www.dermstore.com/brands/glasshouse-fragrances.list
GLO Science,https://www.dermstore.com/brands/glo-science.list
Glo Skin Beauty,https://www.dermstore.com/brands/glo-skin-beauty.list
GLOSS MODERNE,https://www.dermstore.com/brands/gloss-moderne.list
GLOWBIOTICS,https://www.dermstore.com/brands/glowbiotics.list
GlyDerm,https://www.dermstore.com/brands/glyderm.list
Glytone,https://www.dermstore.com/brands/glytone.list
Grande Cosmetics,https://www.dermstore.com/brands/grande-cosmetics.list
Grow Gorgeous,https://www.dermstore.com/brands/grow-gorgeous.list
Grown Alchemist,https://www.dermstore.com/brands/grown-alchemist.list
Guinot,https://www.dermstore.com/brands/guinot.list
HairMax,https://www.dermstore.com/brands/hairmax.list
Harry Josh Pro Tools,https://www.dermstore.com/brands/harry-josh-pro-tools.list
Herbivore Botanicals,https://www.dermstore.com/brands/herbivore-botanicals.list
Hermetica,https://www.dermstore.com/brands/hermetica.list
HoliFrog,https://www.dermstore.com/brands/holifrog.list
Hot Tools,https://www.dermstore.com/brands/hot-tools.list
HUM Nutrition,https://www.dermstore.com/brands/hum-nutrition.list
HydroPeptide,https://www.dermstore.com/brands/hydropeptide.list
ilike Organic Skin Care,https://www.dermstore.com/brands/ilike-organic-skin-care.list
Illamasqua,https://www.dermstore.com/brands/illamasqua.list
Illuminare,https://www.dermstore.com/brands/illuminare.list
Iluminage,https://www.dermstore.com/brands/iluminage.list
IMAGE Skincare,https://www.dermstore.com/brands/image-skincare.list
Indie Lee,https://www.dermstore.com/brands/indie-lee.list
iS Clinical,https://www.dermstore.com/brands/is-clinical.list
ISDIN,https://www.dermstore.com/brands/isdin.list
Jade Roller Beauty,https://www.dermstore.com/brands/jade-roller-beauty.list
James Read Tan,https://www.dermstore.com/brands/james-read-tan.list
jane iredale,https://www.dermstore.com/brands/jane-iredale.list
Jan Marini,https://www.dermstore.com/brands/jan-marini.list
Jenny Patinkin,https://www.dermstore.com/brands/jenny-patinkin.list
Joanna Vargas,https://www.dermstore.com/brands/joanna-vargas.list
Josie Maran,https://www.dermstore.com/brands/josie-maran.list
Jouer Cosmetics,https://www.dermstore.com/brands/jouer-cosmetics.list
Juice Beauty,https://www.dermstore.com/brands/juice-beauty.list
Juliette Has a Gun,https://www.dermstore.com/brands/juliette-has-a-gun.list
kai,https://www.dermstore.com/brands/kai.list
Kate Somerville,https://www.dermstore.com/brands/kate-somerville.list
Kayo Body Care,https://www.dermstore.com/brands/kayo-body-care.list
Kevyn Aucoin,https://www.dermstore.com/brands/kevyn-aucoin.list
Kjaer Weis,https://www.dermstore.com/brands/kjaer-weis.list
Klorane,https://www.dermstore.com/brands/klorane.list
Koh Gen Do,https://www.dermstore.com/brands/koh-gen-do.list
Korres,https://www.dermstore.com/brands/korres.list
L'or de Seraphine,https://www.dermstore.com/brands/lor-de-seraphine.list
Lancer Skincare,https://www.dermstore.com/brands/lancer-skincare.list
La Roche-Posay,https://www.dermstore.com/brands/la-roche-posay.list
LashFOOD,https://www.dermstore.com/brands/lashfood.list
LELO,https://www.dermstore.com/brands/lelo.list
Leonor Greyl,https://www.dermstore.com/brands/leonor-greyl.list
LightStim,https://www.dermstore.com/brands/lightstim.list
Liquides Imaginaires,https://www.dermstore.com/brands/liquides-imaginaires.list
Living Proof,https://www.dermstore.com/brands/living-proof.list
LUMIRA,https://www.dermstore.com/brands/lumira.list
Luzern Laboratories,https://www.dermstore.com/brands/luzern-laboratories.list
Mama Mio,https://www.dermstore.com/brands/mama-mio.list
Marvis Toothpaste and Oral Care,https://www.dermstore.com/brands/marvis.list
Mason Pearson,https://www.dermstore.com/brands/mason-pearson.list
MDSolarSciences,https://www.dermstore.com/brands/mdsolarsciences.list
Me,https://www.dermstore.com/brands/me.list
Medik8,https://www.dermstore.com/brands/medik8.list
Memo Paris,https://www.dermstore.com/brands/memo-paris.list
Michael Todd Beauty,https://www.dermstore.com/brands/michael-todd-beauty.list
mio,https://www.dermstore.com/brands/mio.list
miriam quevedo,https://www.dermstore.com/brands/miriam-quevedo.list
Molton Brown,https://www.dermstore.com/brands/molton-brown.list
Moroccanoil,https://www.dermstore.com/brands/moroccanoil.list
Murad,https://www.dermstore.com/brands/murad.list
Myvitamins,https://www.dermstore.com/brands/myvitamins.list
MZ Skin,https://www.dermstore.com/brands/mz-skin.list
Natura Bissé,https://www.dermstore.com/brands/natura-bisse.list
Naturopathica,https://www.dermstore.com/brands/naturopathica.list
Neocutis,https://www.dermstore.com/brands/neocutis.list
NEOM,https://www.dermstore.com/brands/neom.list
Neostrata,https://www.dermstore.com/brands/neostrata.list
NEST Fragrances,https://www.dermstore.com/brands/nest-fragrances.list
neuLash,https://www.dermstore.com/brands/neulash.list
NION Beauty,https://www.dermstore.com/brands/nion-beauty.list
Nioxin,https://www.dermstore.com/brands/nioxin.list
NUDESTIX,https://www.dermstore.com/brands/nudestix.list
NuFACE,https://www.dermstore.com/brands/nuface.list
NUORI,https://www.dermstore.com/brands/nuori.list
Nurse Jamie,https://www.dermstore.com/brands/nurse-jamie.list
NYDG Skincare,https://www.dermstore.com/brands/nydg-skincare.list
OAM by Ciara,https://www.dermstore.com/brands/oam-by-ciara.list
Obagi,https://www.dermstore.com/brands/obagi.list
Olaplex,https://www.dermstore.com/brands/olaplex.list
Olga Lorencin Skin Care,https://www.dermstore.com/brands/olga-lorencin-skin-care.list
Omorovicza,https://www.dermstore.com/brands/omorovizca.list
One Love Organics,https://www.dermstore.com/brands/one-love-organics.list
Oribe,https://www.dermstore.com/brands/oribe.list
Osmosis Beauty,https://www.dermstore.com/brands/osmosis-beauty.list
Ouidad,https://www.dermstore.com/brands/ouidad.list
Oxygenetix,https://www.dermstore.com/brands/oxygenetix.list
Pai Skincare,https://www.dermstore.com/brands/pai-skincare.list
patchology,https://www.dermstore.com/brands/patchology.list
Patricks,https://www.dermstore.com/brands/patricks.list
Paula's Choice,https://www.dermstore.com/brands/paulas-choice.list
PCA SKIN,https://www.dermstore.com/brands/pca-skin.list
Perricone MD,https://www.dermstore.com/brands/perricone-md.list
Peter Thomas Roth,https://www.dermstore.com/brands/peter-thomas-roth.list
Pevonia Botanica,https://www.dermstore.com/brands/pevonia-botanica.list
Philip B.,https://www.dermstore.com/brands/philip-b.list
Philip Kingsley,https://www.dermstore.com/brands/philip-kingsley.list
Phyto,https://www.dermstore.com/brands/phyto.list
PMD,https://www.dermstore.com/brands/pmd.list
PRIORI Skincare,https://www.dermstore.com/brands/priori-skincare.list
QuasarMD,https://www.dermstore.com/brands/quasarmd.list
R+Co,https://www.dermstore.com/brands/rco.list
R+Co Bleu,https://www.dermstore.com/brands/rco-bleu.list
Rahua,https://www.dermstore.com/brands/rahua.list
RAINCRY,https://www.dermstore.com/brands/raincry.list
RapidLash,https://www.dermstore.com/brands/rapidlash.list
Rejuvi,https://www.dermstore.com/brands/rejuvi.list
REN Clean Skincare,https://www.dermstore.com/brands/ren-clean-skincare.list
René Furterer,https://www.dermstore.com/brands/rene-furterer.list
Replenix,https://www.dermstore.com/brands/replenix.list
REVERIE,https://www.dermstore.com/brands/reverie.list
Revision Skincare,https://www.dermstore.com/brands/revision-skincare.list
RevitaLash Cosmetics,https://www.dermstore.com/brands/revitalash-cosmetics.list
RéVive Skincare,https://www.dermstore.com/brands/rvive-skincare.list
Rita Hazan,https://www.dermstore.com/brands/rita-hazan.list
RMS Beauty,https://www.dermstore.com/brands/rms-beauty.list
Rodial,https://www.dermstore.com/brands/rodial.list
RÓEN,https://www.dermstore.com/brands/roen.list
Rosacea Care,https://www.dermstore.com/brands/rosacea-care.list
Sachajuan,https://www.dermstore.com/brands/sachajuan.list
Sanitas Skincare,https://www.dermstore.com/brands/sanitas-skincare.list
Sarah Chapman,https://www.dermstore.com/brands/sarah-chapman.list
SEEN,https://www.dermstore.com/brands/seen.list
Sensica,https://www.dermstore.com/brands/sensica.list
SENTÉ,https://www.dermstore.com/brands/sente.list
Shiseido,https://www.dermstore.com/brands/shiseido.list
Sigma Beauty,https://www.dermstore.com/brands/sigma-beauty.list
SK-II,https://www.dermstore.com/brands/sk-ii.list
SkinCeuticals,https://www.dermstore.com/brands/skinceuticals.list
Skin Gym,https://www.dermstore.com/brands/skin-gym.list
SKIN INC Supplement Bar,https://www.dermstore.com/brands/skin-inc-supplement-bar.list
SkinMedica,https://www.dermstore.com/brands/skinmedica.list
Skin Regimen,https://www.dermstore.com/brands/skin-regimen.list
Skinstitut,https://www.dermstore.com/brands/skinstitut.list
skyn ICELAND,https://www.dermstore.com/brands/skyn-iceland.list
slip,https://www.dermstore.com/brands/slip.list
SmartFX,https://www.dermstore.com/brands/smartfx.list
Smashbox,https://www.dermstore.com/brands/smashbox.list
Smile Makers,https://www.dermstore.com/brands/smile-makers.list
Smith & Cult,https://www.dermstore.com/brands/smith-cult.list
Sol de Janeiro,https://www.dermstore.com/brands/sol-de-janeiro.list
Soleil Toujours,https://www.dermstore.com/brands/soleil-toujours.list
St. Tropez,https://www.dermstore.com/brands/st-tropez.list
Stila Cosmetics,https://www.dermstore.com/brands/stila-cosmetics.list
StriVectin,https://www.dermstore.com/brands/strivectin.list
Sulwhasoo,https://www.dermstore.com/brands/sulwhasoo.list
Sunday Riley,https://www.dermstore.com/brands/sunday-riley.list
Suntegrity Skincare,https://www.dermstore.com/brands/suntegrity-skincare.list
Supergoop!®,https://www.dermstore.com/brands/supergoop.list
Supersmile,https://www.dermstore.com/brands/supersmile.list
SUSANNE KAUFMANN,https://www.dermstore.com/brands/susanne-kaufmann.list
T3,https://www.dermstore.com/brands/t3.list
Tarte Cosmetics,https://www.dermstore.com/brands/tarte-cosmetics.list
The Beauty Chef,https://www.dermstore.com/brands/the-beauty-chef.list
The Good Patch,https://www.dermstore.com/brands/the-good-patch.list
The Light Salon,https://www.dermstore.com/brands/the-light-salon.list
The Nue Co.,https://www.dermstore.com/brands/the-nue-co.list
The Organic Pharmacy,https://www.dermstore.com/brands/the-organic-pharmacy.list
Therabody,https://www.dermstore.com/brands/therabody.list
THE ROUTE,https://www.dermstore.com/brands/the-route.list
This Works,https://www.dermstore.com/brands/this-works.list
Toppik,https://www.dermstore.com/brands/toppik.list
Tracie Martyn,https://www.dermstore.com/brands/tracie-martyn.list
Tripollar,https://www.dermstore.com/brands/tripollar.list
TRUDON,https://www.dermstore.com/brands/trudon.list
TULA Skincare,https://www.dermstore.com/brands/tula-skincare.list
U Beauty,https://www.dermstore.com/brands/u-beauty.list
UNITE Hair,https://www.dermstore.com/brands/unite-hair.list
UNSUN,https://www.dermstore.com/brands/unsun.list
Ursa Major,https://www.dermstore.com/brands/ursa-major.list
VENeffect,https://www.dermstore.com/brands/veneffect.list
Veronique Gabai,https://www.dermstore.com/brands/veronique-gabai.list
Verso,https://www.dermstore.com/brands/verso.list
Vichy,https://www.dermstore.com/brands/vichy.list
VI Derm,https://www.dermstore.com/brands/vi-derm.list
VIRTUE,https://www.dermstore.com/brands/virtue.list
Vita Liberata,https://www.dermstore.com/brands/vita-liberata.list
Vivant Skin Care,https://www.dermstore.com/brands/vivant-skin-care.list
VivierSkin,https://www.dermstore.com/brands/vivier.list
Volition Beauty,https://www.dermstore.com/brands/volition-beauty.list
Wander Beauty,https://www.dermstore.com/brands/wander-beauty.list
Weleda,https://www.dermstore.com/brands/weleda.list
Yon-Ka,https://www.dermstore.com/brands/yon-ka.list
ZIIP Beauty,https://www.dermstore.com/brands/ziip.list
Zutta,https://www.dermstore.com/brands/zutta.list
